file,line,type,commit,author,date,time,timezone,datetime,depth,length
style.css,1,css,e6040b3e,AHayslip23,2025-11-17,20:11:45,-08:00,2025-11-17T20:11:45-08:00,0,4
style.css,2,css,e6040b3e,AHayslip23,2025-11-17,20:11:45,-08:00,2025-11-17T20:11:45-08:00,1,33
style.css,3,css,e6040b3e,AHayslip23,2025-11-17,20:11:45,-08:00,2025-11-17T20:11:45-08:00,1,18
style.css,4,css,e6040b3e,AHayslip23,2025-11-17,20:11:45,-08:00,2025-11-17T20:11:45-08:00,1,8
style.css,5,css,e6040b3e,AHayslip23,2025-11-17,20:11:45,-08:00,2025-11-17T20:11:45-08:00,1,12
style.css,6,css,e6040b3e,AHayslip23,2025-11-17,20:11:45,-08:00,2025-11-17T20:11:45-08:00,1,12
style.css,7,css,e6040b3e,AHayslip23,2025-11-17,20:11:45,-08:00,2025-11-17T20:11:45-08:00,1,22
style.css,8,css,e6040b3e,AHayslip23,2025-11-17,20:11:45,-08:00,2025-11-17T20:11:45-08:00,0,0
style.css,9,css,e6040b3e,AHayslip23,2025-11-17,20:11:45,-08:00,2025-11-17T20:11:45-08:00,0,0
style.css,10,css,e6040b3e,AHayslip23,2025-11-17,20:11:45,-08:00,2025-11-17T20:11:45-08:00,0,4
style.css,11,css,e6040b3e,AHayslip23,2025-11-17,20:11:45,-08:00,2025-11-17T20:11:45-08:00,1,23
style.css,12,css,e6040b3e,AHayslip23,2025-11-17,20:11:45,-08:00,2025-11-17T20:11:45-08:00,0,0
style.css,13,css,e6040b3e,AHayslip23,2025-11-17,20:11:45,-08:00,2025-11-17T20:11:45-08:00,0,0
style.css,14,css,e6040b3e,AHayslip23,2025-11-17,20:11:45,-08:00,2025-11-17T20:11:45-08:00,0,2
style.css,15,css,e6040b3e,AHayslip23,2025-11-17,20:11:45,-08:00,2025-11-17T20:11:45-08:00,1,17
style.css,16,css,ce3f7d7d,AHayslip23,2025-11-17,21:06:46,-08:00,2025-11-17T21:06:46-08:00,1,20
style.css,17,css,ce3f7d7d,AHayslip23,2025-11-17,21:06:46,-08:00,2025-11-17T21:06:46-08:00,1,15
style.css,18,css,ce3f7d7d,AHayslip23,2025-11-17,21:06:46,-08:00,2025-11-17T21:06:46-08:00,1,14
style.css,19,css,e6040b3e,AHayslip23,2025-11-17,20:11:45,-08:00,2025-11-17T20:11:45-08:00,0,0
style.css,20,css,e6040b3e,AHayslip23,2025-11-17,20:11:45,-08:00,2025-11-17T20:11:45-08:00,0,0
style.css,21,css,ce3f7d7d,AHayslip23,2025-11-17,21:06:46,-08:00,2025-11-17T21:06:46-08:00,0,14
style.css,22,css,e6040b3e,AHayslip23,2025-11-17,20:11:45,-08:00,2025-11-17T20:11:45-08:00,0,12
style.css,23,css,e6040b3e,AHayslip23,2025-11-17,20:11:45,-08:00,2025-11-17T20:11:45-08:00,1,12
style.css,24,css,e6040b3e,AHayslip23,2025-11-17,20:11:45,-08:00,2025-11-17T20:11:45-08:00,1,18
style.css,25,css,e6040b3e,AHayslip23,2025-11-17,20:11:45,-08:00,2025-11-17T20:11:45-08:00,1,8
style.css,26,css,e6040b3e,AHayslip23,2025-11-17,20:11:45,-08:00,2025-11-17T20:11:45-08:00,1,20
style.css,27,css,e6040b3e,AHayslip23,2025-11-17,20:11:45,-08:00,2025-11-17T20:11:45-08:00,0,0
style.css,28,css,e6040b3e,AHayslip23,2025-11-17,20:11:45,-08:00,2025-11-17T20:11:45-08:00,0,0
style.css,29,css,e6040b3e,AHayslip23,2025-11-17,20:11:45,-08:00,2025-11-17T20:11:45-08:00,0,12
style.css,30,css,e6040b3e,AHayslip23,2025-11-17,20:11:45,-08:00,2025-11-17T20:11:45-08:00,1,16
style.css,31,css,e6040b3e,AHayslip23,2025-11-17,20:11:45,-08:00,2025-11-17T20:11:45-08:00,1,15
style.css,32,css,e6040b3e,AHayslip23,2025-11-17,20:11:45,-08:00,2025-11-17T20:11:45-08:00,0,0
style.css,33,css,e6040b3e,AHayslip23,2025-11-17,20:11:45,-08:00,2025-11-17T20:11:45-08:00,0,0
style.css,34,css,ce3f7d7d,AHayslip23,2025-11-17,21:06:46,-08:00,2025-11-17T21:06:46-08:00,0,27
style.css,35,css,bdc54f5f,AHayslip23,2025-11-17,20:18:18,-08:00,2025-11-17T20:18:18-08:00,0,6
style.css,36,css,bdc54f5f,AHayslip23,2025-11-17,20:18:18,-08:00,2025-11-17T20:18:18-08:00,1,12
style.css,37,css,ce3f7d7d,AHayslip23,2025-11-17,21:06:46,-08:00,2025-11-17T21:06:46-08:00,1,31
style.css,38,css,ce3f7d7d,AHayslip23,2025-11-17,21:06:46,-08:00,2025-11-17T21:06:46-08:00,1,12
style.css,39,css,bdc54f5f,AHayslip23,2025-11-17,20:18:18,-08:00,2025-11-17T20:18:18-08:00,0,0
style.css,40,css,bdc54f5f,AHayslip23,2025-11-17,20:18:18,-08:00,2025-11-17T20:18:18-08:00,0,0
style.css,41,css,60ab0bde,AHayslip23,2025-11-17,20:54:14,-08:00,2025-11-17T20:54:14-08:00,0,18
style.css,42,css,bdc54f5f,AHayslip23,2025-11-17,20:18:18,-08:00,2025-11-17T20:18:18-08:00,1,18
style.css,43,css,bdc54f5f,AHayslip23,2025-11-17,20:18:18,-08:00,2025-11-17T20:18:18-08:00,1,12
style.css,44,css,bdc54f5f,AHayslip23,2025-11-17,20:18:18,-08:00,2025-11-17T20:18:18-08:00,1,29
style.css,45,css,bdc54f5f,AHayslip23,2025-11-17,20:18:18,-08:00,2025-11-17T20:18:18-08:00,0,0
style.css,46,css,bdc54f5f,AHayslip23,2025-11-17,20:18:18,-08:00,2025-11-17T20:18:18-08:00,0,0
style.css,47,css,bdc54f5f,AHayslip23,2025-11-17,20:18:18,-08:00,2025-11-17T20:18:18-08:00,0,9
style.css,48,css,bdc54f5f,AHayslip23,2025-11-17,20:18:18,-08:00,2025-11-17T20:18:18-08:00,1,13
style.css,49,css,60ab0bde,AHayslip23,2025-11-17,20:54:14,-08:00,2025-11-17T20:54:14-08:00,1,21
style.css,50,css,bdc54f5f,AHayslip23,2025-11-17,20:18:18,-08:00,2025-11-17T20:18:18-08:00,1,17
style.css,51,css,e6da1b71,AHayslip23,2025-11-17,20:28:35,-08:00,2025-11-17T20:28:35-08:00,0,0
style.css,52,css,e6da1b71,AHayslip23,2025-11-17,20:28:35,-08:00,2025-11-17T20:28:35-08:00,0,0
style.css,53,css,60ab0bde,AHayslip23,2025-11-17,20:54:14,-08:00,2025-11-17T20:54:14-08:00,0,15
style.css,54,css,60ab0bde,AHayslip23,2025-11-17,20:54:14,-08:00,2025-11-17T20:54:14-08:00,1,13
style.css,55,css,ce3f7d7d,AHayslip23,2025-11-17,21:06:46,-08:00,2025-11-17T21:06:46-08:00,1,11
style.css,56,css,60ab0bde,AHayslip23,2025-11-17,20:54:14,-08:00,2025-11-17T20:54:14-08:00,1,16
style.css,57,css,e6da1b71,AHayslip23,2025-11-17,20:28:35,-08:00,2025-11-17T20:28:35-08:00,0,0
style.css,58,css,e6da1b71,AHayslip23,2025-11-17,20:28:35,-08:00,2025-11-17T20:28:35-08:00,0,0
style.css,59,css,60ab0bde,AHayslip23,2025-11-17,20:54:14,-08:00,2025-11-17T20:54:14-08:00,0,9
style.css,60,css,60ab0bde,AHayslip23,2025-11-17,20:54:14,-08:00,2025-11-17T20:54:14-08:00,1,13
style.css,61,css,e6da1b71,AHayslip23,2025-11-17,20:28:35,-08:00,2025-11-17T20:28:35-08:00,1,12
style.css,62,css,e6da1b71,AHayslip23,2025-11-17,20:28:35,-08:00,2025-11-17T20:28:35-08:00,1,14
style.css,63,css,60ab0bde,AHayslip23,2025-11-17,20:54:14,-08:00,2025-11-17T20:54:14-08:00,1,9
style.css,64,css,60ab0bde,AHayslip23,2025-11-17,20:54:14,-08:00,2025-11-17T20:54:14-08:00,1,8
style.css,65,css,ce3f7d7d,AHayslip23,2025-11-17,21:06:46,-08:00,2025-11-17T21:06:46-08:00,1,17
style.css,66,css,e6da1b71,AHayslip23,2025-11-17,20:28:35,-08:00,2025-11-17T20:28:35-08:00,0,0
style.css,67,css,65343999,AHayslip23,2025-11-17,20:31:50,-08:00,2025-11-17T20:31:50-08:00,0,0
style.css,68,css,60ab0bde,AHayslip23,2025-11-17,20:54:14,-08:00,2025-11-17T20:54:14-08:00,0,20
style.css,69,css,65343999,AHayslip23,2025-11-17,20:31:50,-08:00,2025-11-17T20:31:50-08:00,0,4
style.css,70,css,c2dd7cf0,AHayslip23,2025-11-17,20:38:53,-08:00,2025-11-17T20:38:53-08:00,1,12
style.css,71,css,65343999,AHayslip23,2025-11-17,20:31:50,-08:00,2025-11-17T20:31:50-08:00,1,14
style.css,72,css,65343999,AHayslip23,2025-11-17,20:31:50,-08:00,2025-11-17T20:31:50-08:00,1,17
style.css,73,css,ce3f7d7d,AHayslip23,2025-11-17,21:06:46,-08:00,2025-11-17T21:06:46-08:00,1,34
style.css,74,css,c2dd7cf0,AHayslip23,2025-11-17,20:38:53,-08:00,2025-11-17T20:38:53-08:00,1,20
style.css,75,css,65343999,AHayslip23,2025-11-17,20:31:50,-08:00,2025-11-17T20:31:50-08:00,0,0
style.css,76,css,65343999,AHayslip23,2025-11-17,20:31:50,-08:00,2025-11-17T20:31:50-08:00,0,0
style.css,77,css,ce3f7d7d,AHayslip23,2025-11-17,21:06:46,-08:00,2025-11-17T21:06:46-08:00,0,25
style.css,78,css,ce3f7d7d,AHayslip23,2025-11-17,21:06:46,-08:00,2025-11-17T21:06:46-08:00,0,6
style.css,79,css,ce3f7d7d,AHayslip23,2025-11-17,21:06:46,-08:00,2025-11-17T21:06:46-08:00,1,12
style.css,80,css,ce3f7d7d,AHayslip23,2025-11-17,21:06:46,-08:00,2025-11-17T21:06:46-08:00,1,15
style.css,81,css,ce3f7d7d,AHayslip23,2025-11-17,21:06:46,-08:00,2025-11-17T21:06:46-08:00,1,16
style.css,82,css,ce3f7d7d,AHayslip23,2025-11-17,21:06:46,-08:00,2025-11-17T21:06:46-08:00,1,21
style.css,83,css,ce3f7d7d,AHayslip23,2025-11-17,21:06:46,-08:00,2025-11-17T21:06:46-08:00,1,17
style.css,84,css,ce3f7d7d,AHayslip23,2025-11-17,21:06:46,-08:00,2025-11-17T21:06:46-08:00,1,12
style.css,85,css,ce3f7d7d,AHayslip23,2025-11-17,21:06:46,-08:00,2025-11-17T21:06:46-08:00,0,0
style.css,86,css,ce3f7d7d,AHayslip23,2025-11-17,21:06:46,-08:00,2025-11-17T21:06:46-08:00,0,0
style.css,87,css,ce3f7d7d,AHayslip23,2025-11-17,21:06:46,-08:00,2025-11-17T21:06:46-08:00,0,11
style.css,88,css,ce3f7d7d,AHayslip23,2025-11-17,21:06:46,-08:00,2025-11-17T21:06:46-08:00,0,15
style.css,89,css,ce3f7d7d,AHayslip23,2025-11-17,21:06:46,-08:00,2025-11-17T21:06:46-08:00,1,14
style.css,90,css,ce3f7d7d,AHayslip23,2025-11-17,21:06:46,-08:00,2025-11-17T21:06:46-08:00,1,16
style.css,91,css,ce3f7d7d,AHayslip23,2025-11-17,21:06:46,-08:00,2025-11-17T21:06:46-08:00,1,21
style.css,92,css,ce3f7d7d,AHayslip23,2025-11-17,21:06:46,-08:00,2025-11-17T21:06:46-08:00,1,19
style.css,93,css,ce3f7d7d,AHayslip23,2025-11-17,21:06:46,-08:00,2025-11-17T21:06:46-08:00,1,17
style.css,94,css,ce3f7d7d,AHayslip23,2025-11-17,21:06:46,-08:00,2025-11-17T21:06:46-08:00,1,16
style.css,95,css,ce3f7d7d,AHayslip23,2025-11-17,21:06:46,-08:00,2025-11-17T21:06:46-08:00,1,19
style.css,96,css,ce3f7d7d,AHayslip23,2025-11-17,21:06:46,-08:00,2025-11-17T21:06:46-08:00,1,37
style.css,97,css,ce3f7d7d,AHayslip23,2025-11-17,21:06:46,-08:00,2025-11-17T21:06:46-08:00,0,0
style.css,98,css,ce3f7d7d,AHayslip23,2025-11-17,21:06:46,-08:00,2025-11-17T21:06:46-08:00,0,0
style.css,99,css,ce3f7d7d,AHayslip23,2025-11-17,21:06:46,-08:00,2025-11-17T21:06:46-08:00,0,36
style.css,100,css,ce3f7d7d,AHayslip23,2025-11-17,21:06:46,-08:00,2025-11-17T21:06:46-08:00,0,6
style.css,101,css,ce3f7d7d,AHayslip23,2025-11-17,21:06:46,-08:00,2025-11-17T21:06:46-08:00,1,50
style.css,102,css,ce3f7d7d,AHayslip23,2025-11-17,21:06:46,-08:00,2025-11-17T21:06:46-08:00,0,0
style.css,103,css,ce3f7d7d,AHayslip23,2025-11-17,21:06:46,-08:00,2025-11-17T21:06:46-08:00,1,15
style.css,104,css,ce3f7d7d,AHayslip23,2025-11-17,21:06:46,-08:00,2025-11-17T21:06:46-08:00,2,3
style.css,105,css,ce3f7d7d,AHayslip23,2025-11-17,21:06:46,-08:00,2025-11-17T21:06:46-08:00,1,0
style.css,106,css,ce3f7d7d,AHayslip23,2025-11-17,21:06:46,-08:00,2025-11-17T21:06:46-08:00,0,0
style.css,107,css,ce3f7d7d,AHayslip23,2025-11-17,21:06:46,-08:00,2025-11-17T21:06:46-08:00,0,0
style.css,108,css,6afefc46,AHayslip23,2025-11-17,21:27:00,-08:00,2025-11-17T21:27:00-08:00,0,10
style.css,109,css,6afefc46,AHayslip23,2025-11-17,21:27:00,-08:00,2025-11-17T21:27:00-08:00,1,17
style.css,110,css,6afefc46,AHayslip23,2025-11-17,21:27:00,-08:00,2025-11-17T21:27:00-08:00,1,12
style.css,111,css,6afefc46,AHayslip23,2025-11-17,21:27:00,-08:00,2025-11-17T21:27:00-08:00,1,8
style.css,112,css,6afefc46,AHayslip23,2025-11-17,21:27:00,-08:00,2025-11-17T21:27:00-08:00,0,0
style.css,113,css,6afefc46,AHayslip23,2025-11-17,21:27:00,-08:00,2025-11-17T21:27:00-08:00,0,0
style.css,114,css,6afefc46,AHayslip23,2025-11-17,21:27:00,-08:00,2025-11-17T21:27:00-08:00,0,14
style.css,115,css,6afefc46,AHayslip23,2025-11-17,21:27:00,-08:00,2025-11-17T21:27:00-08:00,1,6
style.css,116,css,6afefc46,AHayslip23,2025-11-17,21:27:00,-08:00,2025-11-17T21:27:00-08:00,0,0
style.css,117,css,6afefc46,AHayslip23,2025-11-17,21:27:00,-08:00,2025-11-17T21:27:00-08:00,0,0
style.css,118,css,6afefc46,AHayslip23,2025-11-17,21:27:00,-08:00,2025-11-17T21:27:00-08:00,0,14
style.css,119,css,6afefc46,AHayslip23,2025-11-17,21:27:00,-08:00,2025-11-17T21:27:00-08:00,1,17
style.css,120,css,6afefc46,AHayslip23,2025-11-17,21:27:00,-08:00,2025-11-17T21:27:00-08:00,0,0
style.css,121,css,6afefc46,AHayslip23,2025-11-17,21:27:00,-08:00,2025-11-17T21:27:00-08:00,0,0
style.css,122,css,6afefc46,AHayslip23,2025-11-17,21:27:00,-08:00,2025-11-17T21:27:00-08:00,0,13
style.css,123,css,6afefc46,AHayslip23,2025-11-17,21:27:00,-08:00,2025-11-17T21:27:00-08:00,1,15
style.css,124,css,6afefc46,AHayslip23,2025-11-17,21:27:00,-08:00,2025-11-17T21:27:00-08:00,1,5
style.css,125,css,6afefc46,AHayslip23,2025-11-17,21:27:00,-08:00,2025-11-17T21:27:00-08:00,1,6
style.css,126,css,6afefc46,AHayslip23,2025-11-17,21:27:00,-08:00,2025-11-17T21:27:00-08:00,1,11
style.css,127,css,6afefc46,AHayslip23,2025-11-17,21:27:00,-08:00,2025-11-17T21:27:00-08:00,0,0
style.css,128,css,6afefc46,AHayslip23,2025-11-17,21:27:00,-08:00,2025-11-17T21:27:00-08:00,0,0
style.css,129,css,6afefc46,AHayslip23,2025-11-17,21:27:00,-08:00,2025-11-17T21:27:00-08:00,0,5
style.css,130,css,6afefc46,AHayslip23,2025-11-17,21:27:00,-08:00,2025-11-17T21:27:00-08:00,1,19
style.css,131,css,6afefc46,AHayslip23,2025-11-17,21:27:00,-08:00,2025-11-17T21:27:00-08:00,1,14
style.css,132,css,6afefc46,AHayslip23,2025-11-17,21:27:00,-08:00,2025-11-17T21:27:00-08:00,1,15
style.css,133,css,6afefc46,AHayslip23,2025-11-17,21:27:00,-08:00,2025-11-17T21:27:00-08:00,0,0
style.css,134,css,6afefc46,AHayslip23,2025-11-17,21:27:00,-08:00,2025-11-17T21:27:00-08:00,0,0
style.css,135,css,ce3f7d7d,AHayslip23,2025-11-17,21:06:46,-08:00,2025-11-17T21:06:46-08:00,0,0
style.css,136,css,ce3f7d7d,AHayslip23,2025-11-17,21:06:46,-08:00,2025-11-17T21:06:46-08:00,0,0
style.css,137,css,65343999,AHayslip23,2025-11-17,20:31:50,-08:00,2025-11-17T20:31:50-08:00,0,0
main.js,1,js,e12566ac,AHayslip23,2025-11-03,19:58:26,-08:00,2025-11-03T19:58:26-08:00,0,63
main.js,2,js,6afefc46,AHayslip23,2025-11-17,21:27:00,-08:00,2025-11-17T21:27:00-08:00,0,72
main.js,3,js,e12566ac,AHayslip23,2025-11-03,19:58:26,-08:00,2025-11-03T19:58:26-08:00,0,0
main.js,4,js,6afefc46,AHayslip23,2025-11-17,21:27:00,-08:00,2025-11-17T21:27:00-08:00,0,9
main.js,5,js,0e543529,AHayslip23,2025-11-17,20:47:15,-08:00,2025-11-17T20:47:15-08:00,0,12
main.js,6,js,59084981,AHayslip23,2025-11-17,19:57:20,-08:00,2025-11-17T19:57:20-08:00,0,15
main.js,7,js,59084981,AHayslip23,2025-11-17,19:57:20,-08:00,2025-11-17T19:57:20-08:00,0,23
main.js,8,js,bdc54f5f,AHayslip23,2025-11-17,20:18:18,-08:00,2025-11-17T20:18:18-08:00,0,0
main.js,9,js,59084981,AHayslip23,2025-11-17,19:57:20,-08:00,2025-11-17T19:57:20-08:00,0,28
main.js,10,js,59084981,AHayslip23,2025-11-17,19:57:20,-08:00,2025-11-17T19:57:20-08:00,0,23
main.js,11,js,59084981,AHayslip23,2025-11-17,19:57:20,-08:00,2025-11-17T19:57:20-08:00,0,23
main.js,12,js,59084981,AHayslip23,2025-11-17,19:57:20,-08:00,2025-11-17T19:57:20-08:00,0,0
main.js,13,js,6afefc46,AHayslip23,2025-11-17,21:27:00,-08:00,2025-11-17T21:27:00-08:00,0,49
main.js,14,js,4e26674d,AHayslip23,2025-11-17,21:00:51,-08:00,2025-11-17T21:00:51-08:00,0,0
main.js,15,js,ce3f7d7d,AHayslip23,2025-11-17,21:06:46,-08:00,2025-11-17T21:06:46-08:00,0,11
main.js,16,js,46030cda,AHayslip23,2025-11-02,10:21:15,-08:00,2025-11-02T10:21:15-08:00,0,25
main.js,17,js,0e543529,AHayslip23,2025-11-17,20:47:15,-08:00,2025-11-17T20:47:15-08:00,1,45
main.js,18,js,ce3f7d7d,AHayslip23,2025-11-17,21:06:46,-08:00,2025-11-17T21:06:46-08:00,2,21
main.js,19,js,1ccf2ce8,AHayslip23,2025-11-02,11:01:42,-08:00,2025-11-02T11:01:42-08:00,3,22
main.js,20,js,e7ed7b90,AHayslip23,2025-11-17,19:49:59,-08:00,2025-11-17T19:49:59-08:00,3,9
main.js,21,js,e7ed7b90,AHayslip23,2025-11-17,19:49:59,-08:00,2025-11-17T19:49:59-08:00,5,8
main.js,22,js,6afefc46,AHayslip23,2025-11-17,21:27:00,-08:00,2025-11-17T21:27:00-08:00,6,3
main.js,23,js,6afefc46,AHayslip23,2025-11-17,21:27:00,-08:00,2025-11-17T21:27:00-08:00,6,24
main.js,24,js,6afefc46,AHayslip23,2025-11-17,21:27:00,-08:00,2025-11-17T21:27:00-08:00,6,18
main.js,25,js,e7ed7b90,AHayslip23,2025-11-17,19:49:59,-08:00,2025-11-17T19:49:59-08:00,4,0
main.js,26,js,e7ed7b90,AHayslip23,2025-11-17,19:49:59,-08:00,2025-11-17T19:49:59-08:00,0,0
main.js,27,js,1ccf2ce8,AHayslip23,2025-11-02,11:01:42,-08:00,2025-11-02T11:01:42-08:00,2,6
main.js,28,js,1ccf2ce8,AHayslip23,2025-11-02,11:01:42,-08:00,2025-11-02T11:01:42-08:00,3,5
main.js,29,js,ce3f7d7d,AHayslip23,2025-11-17,21:06:46,-08:00,2025-11-17T21:06:46-08:00,3,11
main.js,30,js,1ccf2ce8,AHayslip23,2025-11-02,11:01:42,-08:00,2025-11-02T11:01:42-08:00,3,14
main.js,31,js,1ccf2ce8,AHayslip23,2025-11-02,11:01:42,-08:00,2025-11-02T11:01:42-08:00,3,16
main.js,32,js,6afefc46,AHayslip23,2025-11-17,21:27:00,-08:00,2025-11-17T21:27:00-08:00,3,18
main.js,33,js,1ccf2ce8,AHayslip23,2025-11-02,11:01:42,-08:00,2025-11-02T11:01:42-08:00,2,0
main.js,34,js,1ccf2ce8,AHayslip23,2025-11-02,11:01:42,-08:00,2025-11-02T11:01:42-08:00,1,1
main.js,35,js,e7ed7b90,AHayslip23,2025-11-17,19:49:59,-08:00,2025-11-17T19:49:59-08:00,0,0
main.js,36,js,60ab0bde,AHayslip23,2025-11-17,20:54:14,-08:00,2025-11-17T20:54:14-08:00,1,39
main.js,37,js,0e543529,AHayslip23,2025-11-17,20:47:15,-08:00,2025-11-17T20:47:15-08:00,1,10
main.js,38,js,46030cda,AHayslip23,2025-11-02,10:21:15,-08:00,2025-11-02T10:21:15-08:00,0,0
main.js,39,js,46030cda,AHayslip23,2025-11-02,10:21:15,-08:00,2025-11-02T10:21:15-08:00,0,0
main.js,40,js,6afefc46,AHayslip23,2025-11-17,21:27:00,-08:00,2025-11-17T21:27:00-08:00,0,28
main.js,41,js,59084981,AHayslip23,2025-11-17,19:57:20,-08:00,2025-11-17T19:57:20-08:00,0,29
main.js,42,js,6afefc46,AHayslip23,2025-11-17,21:27:00,-08:00,2025-11-17T21:27:00-08:00,1,37
main.js,43,js,6afefc46,AHayslip23,2025-11-17,21:27:00,-08:00,2025-11-17T21:27:00-08:00,2,20
main.js,44,js,6afefc46,AHayslip23,2025-11-17,21:27:00,-08:00,2025-11-17T21:27:00-08:00,3,36
main.js,45,js,6afefc46,AHayslip23,2025-11-17,21:27:00,-08:00,2025-11-17T21:27:00-08:00,3,6
main.js,46,js,6afefc46,AHayslip23,2025-11-17,21:27:00,-08:00,2025-11-17T21:27:00-08:00,4,1
main.js,47,js,6afefc46,AHayslip23,2025-11-17,21:27:00,-08:00,2025-11-17T21:27:00-08:00,4,21
main.js,48,js,6afefc46,AHayslip23,2025-11-17,21:27:00,-08:00,2025-11-17T21:27:00-08:00,4,11
main.js,49,js,6afefc46,AHayslip23,2025-11-17,21:27:00,-08:00,2025-11-17T21:27:00-08:00,4,45
main.js,50,js,6afefc46,AHayslip23,2025-11-17,21:27:00,-08:00,2025-11-17T21:27:00-08:00,4,43
main.js,51,js,6afefc46,AHayslip23,2025-11-17,21:27:00,-08:00,2025-11-17T21:27:00-08:00,4,23
main.js,52,js,6afefc46,AHayslip23,2025-11-17,21:27:00,-08:00,2025-11-17T21:27:00-08:00,5,11
main.js,53,js,6afefc46,AHayslip23,2025-11-17,21:27:00,-08:00,2025-11-17T21:27:00-08:00,5,22
main.js,54,js,6afefc46,AHayslip23,2025-11-17,21:27:00,-08:00,2025-11-17T21:27:00-08:00,5,16
main.js,55,js,6afefc46,AHayslip23,2025-11-17,21:27:00,-08:00,2025-11-17T21:27:00-08:00,4,2
main.js,56,js,6afefc46,AHayslip23,2025-11-17,21:27:00,-08:00,2025-11-17T21:27:00-08:00,3,0
main.js,57,js,6afefc46,AHayslip23,2025-11-17,21:27:00,-08:00,2025-11-17T21:27:00-08:00,2,0
main.js,58,js,6afefc46,AHayslip23,2025-11-17,21:27:00,-08:00,2025-11-17T21:27:00-08:00,2,78
main.js,59,js,46030cda,AHayslip23,2025-11-02,10:21:15,-08:00,2025-11-02T10:21:15-08:00,0,0
main.js,60,js,46030cda,AHayslip23,2025-11-02,10:21:15,-08:00,2025-11-02T10:21:15-08:00,0,0
main.js,61,js,6afefc46,AHayslip23,2025-11-17,21:27:00,-08:00,2025-11-17T21:27:00-08:00,0,22
main.js,62,js,e7ed7b90,AHayslip23,2025-11-17,19:49:59,-08:00,2025-11-17T19:49:59-08:00,0,38
main.js,63,js,e7ed7b90,AHayslip23,2025-11-17,19:49:59,-08:00,2025-11-17T19:49:59-08:00,1,55
main.js,64,js,ec34547c,AHayslip23,2025-11-03,20:42:52,-08:00,2025-11-03T20:42:52-08:00,0,0
main.js,65,js,ec34547c,AHayslip23,2025-11-03,20:42:52,-08:00,2025-11-03T20:42:52-08:00,0,0
main.js,66,js,d70d48f1,AHayslip23,2025-11-03,21:29:40,-08:00,2025-11-03T21:29:40-08:00,0,37
main.js,67,js,d70d48f1,AHayslip23,2025-11-03,21:29:40,-08:00,2025-11-03T21:29:40-08:00,1,56
main.js,68,js,d70d48f1,AHayslip23,2025-11-03,21:29:40,-08:00,2025-11-03T21:29:40-08:00,1,31
main.js,69,js,d70d48f1,AHayslip23,2025-11-03,21:29:40,-08:00,2025-11-03T21:29:40-08:00,1,33
main.js,70,js,d70d48f1,AHayslip23,2025-11-03,21:29:40,-08:00,2025-11-03T21:29:40-08:00,1,32
main.js,71,js,d70d48f1,AHayslip23,2025-11-03,21:29:40,-08:00,2025-11-03T21:29:40-08:00,0,0
main.js,72,js,2af78d8f,AHayslip23,2025-11-03,20:34:23,-08:00,2025-11-03T20:34:23-08:00,0,0
main.js,73,js,d70d48f1,AHayslip23,2025-11-03,21:29:40,-08:00,2025-11-03T21:29:40-08:00,0,37
main.js,74,js,ce3f7d7d,AHayslip23,2025-11-17,21:06:46,-08:00,2025-11-17T21:06:46-08:00,1,73
main.js,75,js,d70d48f1,AHayslip23,2025-11-03,21:29:40,-08:00,2025-11-03T21:29:40-08:00,1,50
main.js,76,js,6afefc46,AHayslip23,2025-11-17,21:27:00,-08:00,2025-11-17T21:27:00-08:00,2,39
main.js,77,js,60ab0bde,AHayslip23,2025-11-17,20:54:14,-08:00,2025-11-17T20:54:14-08:00,1,58
main.js,78,js,6afefc46,AHayslip23,2025-11-17,21:27:00,-08:00,2025-11-17T21:27:00-08:00,2,39
main.js,79,js,ce3f7d7d,AHayslip23,2025-11-17,21:06:46,-08:00,2025-11-17T21:06:46-08:00,1,67
main.js,80,js,ce3f7d7d,AHayslip23,2025-11-17,21:06:46,-08:00,2025-11-17T21:06:46-08:00,1,70
main.js,81,js,2af78d8f,AHayslip23,2025-11-03,20:34:23,-08:00,2025-11-03T20:34:23-08:00,0,0
main.js,82,js,2af78d8f,AHayslip23,2025-11-03,20:34:23,-08:00,2025-11-03T20:34:23-08:00,0,0
main.js,83,js,6afefc46,AHayslip23,2025-11-17,21:27:00,-08:00,2025-11-17T21:27:00-08:00,0,20
main.js,84,js,59084981,AHayslip23,2025-11-17,19:57:20,-08:00,2025-11-17T19:57:20-08:00,0,40
main.js,85,js,4e26674d,AHayslip23,2025-11-17,21:00:51,-08:00,2025-11-17T21:00:51-08:00,1,51
main.js,86,js,11da6aed,AHayslip23,2025-11-03,20:12:26,-08:00,2025-11-03T20:12:26-08:00,0,0
main.js,87,js,4e26674d,AHayslip23,2025-11-17,21:00:51,-08:00,2025-11-17T21:00:51-08:00,1,67
main.js,88,js,59084981,AHayslip23,2025-11-17,19:57:20,-08:00,2025-11-17T19:57:20-08:00,1,32
main.js,89,js,11da6aed,AHayslip23,2025-11-03,20:12:26,-08:00,2025-11-03T20:12:26-08:00,0,0
main.js,90,js,6b397371,AHayslip23,2025-11-02,10:25:09,-08:00,2025-11-02T10:25:09-08:00,1,36
main.js,91,js,6b397371,AHayslip23,2025-11-02,10:25:09,-08:00,2025-11-02T10:25:09-08:00,1,35
main.js,92,js,11da6aed,AHayslip23,2025-11-03,20:12:26,-08:00,2025-11-03T20:12:26-08:00,0,0
main.js,93,js,11da6aed,AHayslip23,2025-11-03,20:12:26,-08:00,2025-11-03T20:12:26-08:00,1,38
main.js,94,js,6afefc46,AHayslip23,2025-11-17,21:27:00,-08:00,2025-11-17T21:27:00-08:00,1,58
main.js,95,js,11da6aed,AHayslip23,2025-11-03,20:12:26,-08:00,2025-11-03T20:12:26-08:00,0,0
main.js,96,js,11da6aed,AHayslip23,2025-11-03,20:12:26,-08:00,2025-11-03T20:12:26-08:00,1,36
main.js,97,js,6afefc46,AHayslip23,2025-11-17,21:27:00,-08:00,2025-11-17T21:27:00-08:00,1,71
main.js,98,js,11da6aed,AHayslip23,2025-11-03,20:12:26,-08:00,2025-11-03T20:12:26-08:00,0,0
main.js,99,js,11da6aed,AHayslip23,2025-11-03,20:12:26,-08:00,2025-11-03T20:12:26-08:00,1,42
main.js,100,js,6afefc46,AHayslip23,2025-11-17,21:27:00,-08:00,2025-11-17T21:27:00-08:00,1,72
main.js,101,js,8e6f32ca,AHayslip23,2025-11-02,10:39:11,-08:00,2025-11-02T10:39:11-08:00,0,0
main.js,102,js,6b397371,AHayslip23,2025-11-02,10:25:09,-08:00,2025-11-02T10:25:09-08:00,0,0
main.js,103,js,60ab0bde,AHayslip23,2025-11-17,20:54:14,-08:00,2025-11-17T20:54:14-08:00,0,43
main.js,104,js,60ab0bde,AHayslip23,2025-11-17,20:54:14,-08:00,2025-11-17T20:54:14-08:00,1,52
main.js,105,js,60ab0bde,AHayslip23,2025-11-17,20:54:14,-08:00,2025-11-17T20:54:14-08:00,0,0
main.js,106,js,6afefc46,AHayslip23,2025-11-17,21:27:00,-08:00,2025-11-17T21:27:00-08:00,1,43
main.js,107,js,4e26674d,AHayslip23,2025-11-17,21:00:51,-08:00,2025-11-17T21:00:51-08:00,2,40
main.js,108,js,6afefc46,AHayslip23,2025-11-17,21:27:00,-08:00,2025-11-17T21:27:00-08:00,2,59
main.js,109,js,60ab0bde,AHayslip23,2025-11-17,20:54:14,-08:00,2025-11-17T20:54:14-08:00,0,0
main.js,110,js,6afefc46,AHayslip23,2025-11-17,21:27:00,-08:00,2025-11-17T21:27:00-08:00,1,30
main.js,111,js,60ab0bde,AHayslip23,2025-11-17,20:54:14,-08:00,2025-11-17T20:54:14-08:00,2,24
main.js,112,js,60ab0bde,AHayslip23,2025-11-17,20:54:14,-08:00,2025-11-17T20:54:14-08:00,2,25
main.js,113,js,60ab0bde,AHayslip23,2025-11-17,20:54:14,-08:00,2025-11-17T20:54:14-08:00,2,16
main.js,114,js,60ab0bde,AHayslip23,2025-11-17,20:54:14,-08:00,2025-11-17T20:54:14-08:00,3,56
main.js,115,js,60ab0bde,AHayslip23,2025-11-17,20:54:14,-08:00,2025-11-17T20:54:14-08:00,3,15
main.js,116,js,60ab0bde,AHayslip23,2025-11-17,20:54:14,-08:00,2025-11-17T20:54:14-08:00,3,15
main.js,117,js,60ab0bde,AHayslip23,2025-11-17,20:54:14,-08:00,2025-11-17T20:54:14-08:00,3,9
main.js,118,js,60ab0bde,AHayslip23,2025-11-17,20:54:14,-08:00,2025-11-17T20:54:14-08:00,2,1
main.js,119,js,60ab0bde,AHayslip23,2025-11-17,20:54:14,-08:00,2025-11-17T20:54:14-08:00,0,0
main.js,120,js,6afefc46,AHayslip23,2025-11-17,21:27:00,-08:00,2025-11-17T21:27:00-08:00,1,15
main.js,121,js,6afefc46,AHayslip23,2025-11-17,21:27:00,-08:00,2025-11-17T21:27:00-08:00,2,10
main.js,122,js,6afefc46,AHayslip23,2025-11-17,21:27:00,-08:00,2025-11-17T21:27:00-08:00,3,60
main.js,123,js,6afefc46,AHayslip23,2025-11-17,21:27:00,-08:00,2025-11-17T21:27:00-08:00,2,0
main.js,124,js,60ab0bde,AHayslip23,2025-11-17,20:54:14,-08:00,2025-11-17T20:54:14-08:00,0,0
main.js,125,js,ce3f7d7d,AHayslip23,2025-11-17,21:06:46,-08:00,2025-11-17T21:06:46-08:00,1,15
main.js,126,js,60ab0bde,AHayslip23,2025-11-17,20:54:14,-08:00,2025-11-17T20:54:14-08:00,2,19
main.js,127,js,6afefc46,AHayslip23,2025-11-17,21:27:00,-08:00,2025-11-17T21:27:00-08:00,2,19
main.js,128,js,60ab0bde,AHayslip23,2025-11-17,20:54:14,-08:00,2025-11-17T20:54:14-08:00,2,10
main.js,129,js,4e26674d,AHayslip23,2025-11-17,21:00:51,-08:00,2025-11-17T21:00:51-08:00,2,19
main.js,130,js,6afefc46,AHayslip23,2025-11-17,21:27:00,-08:00,2025-11-17T21:27:00-08:00,2,52
main.js,131,js,60ab0bde,AHayslip23,2025-11-17,20:54:14,-08:00,2025-11-17T20:54:14-08:00,0,0
main.js,132,js,60ab0bde,AHayslip23,2025-11-17,20:54:14,-08:00,2025-11-17T20:54:14-08:00,0,0
main.js,133,js,6afefc46,AHayslip23,2025-11-17,21:27:00,-08:00,2025-11-17T21:27:00-08:00,0,20
main.js,134,js,59084981,AHayslip23,2025-11-17,19:57:20,-08:00,2025-11-17T19:57:20-08:00,0,41
main.js,135,js,59084981,AHayslip23,2025-11-17,19:57:20,-08:00,2025-11-17T19:57:20-08:00,1,17
main.js,136,js,59084981,AHayslip23,2025-11-17,19:57:20,-08:00,2025-11-17T19:57:20-08:00,1,17
main.js,137,js,59084981,AHayslip23,2025-11-17,19:57:20,-08:00,2025-11-17T19:57:20-08:00,1,58
main.js,138,js,2af78d8f,AHayslip23,2025-11-03,20:34:23,-08:00,2025-11-03T20:34:23-08:00,0,0
main.js,139,js,e7ed7b90,AHayslip23,2025-11-17,19:49:59,-08:00,2025-11-17T19:49:59-08:00,1,14
main.js,140,js,70891b0c,AHayslip23,2025-11-03,20:21:08,-08:00,2025-11-03T20:21:08-08:00,2,16
main.js,141,js,e12566ac,AHayslip23,2025-11-03,19:58:26,-08:00,2025-11-03T19:58:26-08:00,2,26
main.js,142,js,70891b0c,AHayslip23,2025-11-03,20:21:08,-08:00,2025-11-03T20:21:08-08:00,2,14
main.js,143,js,6afefc46,AHayslip23,2025-11-17,21:27:00,-08:00,2025-11-17T21:27:00-08:00,2,29
main.js,144,js,e12566ac,AHayslip23,2025-11-03,19:58:26,-08:00,2025-11-03T19:58:26-08:00,1,0
main.js,145,js,5773ff1c,AHayslip23,2025-11-02,10:56:20,-08:00,2025-11-02T10:56:20-08:00,0,0
main.js,146,js,ce3f7d7d,AHayslip23,2025-11-17,21:06:46,-08:00,2025-11-17T21:06:46-08:00,1,29
main.js,147,js,0e543529,AHayslip23,2025-11-17,20:47:15,-08:00,2025-11-17T20:47:15-08:00,2,7
main.js,148,js,8e6f32ca,AHayslip23,2025-11-02,10:39:11,-08:00,2025-11-02T10:39:11-08:00,2,12
main.js,149,js,0e543529,AHayslip23,2025-11-17,20:47:15,-08:00,2025-11-17T20:47:15-08:00,2,41
main.js,150,js,e7ed7b90,AHayslip23,2025-11-17,19:49:59,-08:00,2025-11-17T19:49:59-08:00,0,0
main.js,151,js,ce3f7d7d,AHayslip23,2025-11-17,21:06:46,-08:00,2025-11-17T21:06:46-08:00,1,21
main.js,152,js,6afefc46,AHayslip23,2025-11-17,21:27:00,-08:00,2025-11-17T21:27:00-08:00,2,44
main.js,153,js,0e543529,AHayslip23,2025-11-17,20:47:15,-08:00,2025-11-17T20:47:15-08:00,2,34
main.js,154,js,8e6f32ca,AHayslip23,2025-11-02,10:39:11,-08:00,2025-11-02T10:39:11-08:00,0,0
main.js,155,js,ce3f7d7d,AHayslip23,2025-11-17,21:06:46,-08:00,2025-11-17T21:06:46-08:00,1,23
main.js,156,js,e12566ac,AHayslip23,2025-11-03,19:58:26,-08:00,2025-11-03T19:58:26-08:00,2,14
main.js,157,js,e7ed7b90,AHayslip23,2025-11-17,19:49:59,-08:00,2025-11-17T19:49:59-08:00,2,34
main.js,158,js,e7ed7b90,AHayslip23,2025-11-17,19:49:59,-08:00,2025-11-17T19:49:59-08:00,0,0
main.js,159,js,ce3f7d7d,AHayslip23,2025-11-17,21:06:46,-08:00,2025-11-17T21:06:46-08:00,1,13
main.js,160,js,59084981,AHayslip23,2025-11-17,19:57:20,-08:00,2025-11-17T19:57:20-08:00,2,22
main.js,161,js,6afefc46,AHayslip23,2025-11-17,21:27:00,-08:00,2025-11-17T21:27:00-08:00,2,50
main.js,162,js,4e26674d,AHayslip23,2025-11-17,21:00:51,-08:00,2025-11-17T21:00:51-08:00,2,4
main.js,163,js,4e26674d,AHayslip23,2025-11-17,21:00:51,-08:00,2025-11-17T21:00:51-08:00,3,19
main.js,164,js,4e26674d,AHayslip23,2025-11-17,21:00:51,-08:00,2025-11-17T21:00:51-08:00,4,25
main.js,165,js,4e26674d,AHayslip23,2025-11-17,21:00:51,-08:00,2025-11-17T21:00:51-08:00,4,33
main.js,166,js,4e26674d,AHayslip23,2025-11-17,21:00:51,-08:00,2025-11-17T21:00:51-08:00,2,0
main.js,167,js,59084981,AHayslip23,2025-11-17,19:57:20,-08:00,2025-11-17T19:57:20-08:00,0,0
main.js,168,js,ce3f7d7d,AHayslip23,2025-11-17,21:06:46,-08:00,2025-11-17T21:06:46-08:00,1,13
main.js,169,js,59084981,AHayslip23,2025-11-17,19:57:20,-08:00,2025-11-17T19:57:20-08:00,2,22
main.js,170,js,6afefc46,AHayslip23,2025-11-17,21:27:00,-08:00,2025-11-17T21:27:00-08:00,2,48
main.js,171,js,4e26674d,AHayslip23,2025-11-17,21:00:51,-08:00,2025-11-17T21:00:51-08:00,2,4
main.js,172,js,4e26674d,AHayslip23,2025-11-17,21:00:51,-08:00,2025-11-17T21:00:51-08:00,3,17
main.js,173,js,4e26674d,AHayslip23,2025-11-17,21:00:51,-08:00,2025-11-17T21:00:51-08:00,4,29
main.js,174,js,6afefc46,AHayslip23,2025-11-17,21:27:00,-08:00,2025-11-17T21:27:00-08:00,4,52
main.js,175,js,4e26674d,AHayslip23,2025-11-17,21:00:51,-08:00,2025-11-17T21:00:51-08:00,2,0
main.js,176,js,59084981,AHayslip23,2025-11-17,19:57:20,-08:00,2025-11-17T19:57:20-08:00,0,0
main.js,177,js,59084981,AHayslip23,2025-11-17,19:57:20,-08:00,2025-11-17T19:57:20-08:00,1,36
main.js,178,js,59084981,AHayslip23,2025-11-17,19:57:20,-08:00,2025-11-17T19:57:20-08:00,0,0
main.js,179,js,59084981,AHayslip23,2025-11-17,19:57:20,-08:00,2025-11-17T19:57:20-08:00,1,31
main.js,180,js,59084981,AHayslip23,2025-11-17,19:57:20,-08:00,2025-11-17T19:57:20-08:00,0,0
main.js,181,js,e12566ac,AHayslip23,2025-11-03,19:58:26,-08:00,2025-11-03T19:58:26-08:00,0,0
main.js,182,js,59084981,AHayslip23,2025-11-17,19:57:20,-08:00,2025-11-17T19:57:20-08:00,0,41
main.js,183,js,ce3f7d7d,AHayslip23,2025-11-17,21:06:46,-08:00,2025-11-17T21:06:46-08:00,1,34
main.js,184,js,59084981,AHayslip23,2025-11-17,19:57:20,-08:00,2025-11-17T19:57:20-08:00,1,22
main.js,185,js,59084981,AHayslip23,2025-11-17,19:57:20,-08:00,2025-11-17T19:57:20-08:00,0,0
main.js,186,js,6afefc46,AHayslip23,2025-11-17,21:27:00,-08:00,2025-11-17T21:27:00-08:00,1,51
main.js,187,js,e7ed7b90,AHayslip23,2025-11-17,19:49:59,-08:00,2025-11-17T19:49:59-08:00,0,0
main.js,188,js,6afefc46,AHayslip23,2025-11-17,21:27:00,-08:00,2025-11-17T21:27:00-08:00,1,26
main.js,189,js,6afefc46,AHayslip23,2025-11-17,21:27:00,-08:00,2025-11-17T21:27:00-08:00,2,19
main.js,190,js,6afefc46,AHayslip23,2025-11-17,21:27:00,-08:00,2025-11-17T21:27:00-08:00,3,25
main.js,191,js,6afefc46,AHayslip23,2025-11-17,21:27:00,-08:00,2025-11-17T21:27:00-08:00,3,33
main.js,192,js,6afefc46,AHayslip23,2025-11-17,21:27:00,-08:00,2025-11-17T21:27:00-08:00,1,0
main.js,193,js,d70d48f1,AHayslip23,2025-11-03,21:29:40,-08:00,2025-11-03T21:29:40-08:00,0,0
main.js,194,js,6afefc46,AHayslip23,2025-11-17,21:27:00,-08:00,2025-11-17T21:27:00-08:00,1,67
main.js,195,js,ce3f7d7d,AHayslip23,2025-11-17,21:06:46,-08:00,2025-11-17T21:06:46-08:00,1,72
main.js,196,js,d70d48f1,AHayslip23,2025-11-03,21:29:40,-08:00,2025-11-03T21:29:40-08:00,0,0
main.js,197,js,ce3f7d7d,AHayslip23,2025-11-17,21:06:46,-08:00,2025-11-17T21:06:46-08:00,1,17
main.js,198,js,d50309f7,AHayslip23,2025-11-03,20:53:25,-08:00,2025-11-03T20:53:25-08:00,2,18
main.js,199,js,6afefc46,AHayslip23,2025-11-17,21:27:00,-08:00,2025-11-17T21:27:00-08:00,2,56
main.js,200,js,d50309f7,AHayslip23,2025-11-03,20:53:25,-08:00,2025-11-03T20:53:25-08:00,2,13
main.js,201,js,6afefc46,AHayslip23,2025-11-17,21:27:00,-08:00,2025-11-17T21:27:00-08:00,2,36
main.js,202,js,6afefc46,AHayslip23,2025-11-17,21:27:00,-08:00,2025-11-17T21:27:00-08:00,2,36
main.js,203,js,6afefc46,AHayslip23,2025-11-17,21:27:00,-08:00,2025-11-17T21:27:00-08:00,2,37
main.js,204,js,d50309f7,AHayslip23,2025-11-03,20:53:25,-08:00,2025-11-03T20:53:25-08:00,2,24
main.js,205,js,d50309f7,AHayslip23,2025-11-03,20:53:25,-08:00,2025-11-03T20:53:25-08:00,2,25
main.js,206,js,6afefc46,AHayslip23,2025-11-17,21:27:00,-08:00,2025-11-17T21:27:00-08:00,2,31
main.js,207,js,d50309f7,AHayslip23,2025-11-03,20:53:25,-08:00,2025-11-03T20:53:25-08:00,3,54
main.js,208,js,6afefc46,AHayslip23,2025-11-17,21:27:00,-08:00,2025-11-17T21:27:00-08:00,3,22
main.js,209,js,d50309f7,AHayslip23,2025-11-03,20:53:25,-08:00,2025-11-03T20:53:25-08:00,3,28
main.js,210,js,d50309f7,AHayslip23,2025-11-03,20:53:25,-08:00,2025-11-03T20:53:25-08:00,3,27
main.js,211,js,d50309f7,AHayslip23,2025-11-03,20:53:25,-08:00,2025-11-03T20:53:25-08:00,2,0
main.js,212,js,e7ed7b90,AHayslip23,2025-11-17,19:49:59,-08:00,2025-11-17T19:49:59-08:00,2,37
main.js,213,js,6afefc46,AHayslip23,2025-11-17,21:27:00,-08:00,2025-11-17T21:27:00-08:00,2,29
main.js,214,js,e7ed7b90,AHayslip23,2025-11-17,19:49:59,-08:00,2025-11-17T19:49:59-08:00,3,41
main.js,215,js,d50309f7,AHayslip23,2025-11-03,20:53:25,-08:00,2025-11-03T20:53:25-08:00,3,29
main.js,216,js,d50309f7,AHayslip23,2025-11-03,20:53:25,-08:00,2025-11-03T20:53:25-08:00,2,1
main.js,217,js,59084981,AHayslip23,2025-11-17,19:57:20,-08:00,2025-11-17T19:57:20-08:00,0,0
main.js,218,js,8e6f32ca,AHayslip23,2025-11-02,10:39:11,-08:00,2025-11-02T10:39:11-08:00,0,0
main.js,219,js,6afefc46,AHayslip23,2025-11-17,21:27:00,-08:00,2025-11-17T21:27:00-08:00,0,23
main.js,220,js,6afefc46,AHayslip23,2025-11-17,21:27:00,-08:00,2025-11-17T21:27:00-08:00,0,34
main.js,221,js,6afefc46,AHayslip23,2025-11-17,21:27:00,-08:00,2025-11-17T21:27:00-08:00,1,25
main.js,222,js,6afefc46,AHayslip23,2025-11-17,21:27:00,-08:00,2025-11-17T21:27:00-08:00,2,17
main.js,223,js,6afefc46,AHayslip23,2025-11-17,21:27:00,-08:00,2025-11-17T21:27:00-08:00,2,12
main.js,224,js,6afefc46,AHayslip23,2025-11-17,21:27:00,-08:00,2025-11-17T21:27:00-08:00,2,10
main.js,225,js,6afefc46,AHayslip23,2025-11-17,21:27:00,-08:00,2025-11-17T21:27:00-08:00,2,20
main.js,226,js,6afefc46,AHayslip23,2025-11-17,21:27:00,-08:00,2025-11-17T21:27:00-08:00,2,15
main.js,227,js,6afefc46,AHayslip23,2025-11-17,21:27:00,-08:00,2025-11-17T21:27:00-08:00,3,30
main.js,228,js,6afefc46,AHayslip23,2025-11-17,21:27:00,-08:00,2025-11-17T21:27:00-08:00,4,6
main.js,229,js,6afefc46,AHayslip23,2025-11-17,21:27:00,-08:00,2025-11-17T21:27:00-08:00,4,14
main.js,230,js,6afefc46,AHayslip23,2025-11-17,21:27:00,-08:00,2025-11-17T21:27:00-08:00,4,11
main.js,231,js,6afefc46,AHayslip23,2025-11-17,21:27:00,-08:00,2025-11-17T21:27:00-08:00,3,7
main.js,232,js,6afefc46,AHayslip23,2025-11-17,21:27:00,-08:00,2025-11-17T21:27:00-08:00,0,0
main.js,233,js,6afefc46,AHayslip23,2025-11-17,21:27:00,-08:00,2025-11-17T21:27:00-08:00,3,6
main.js,234,js,6afefc46,AHayslip23,2025-11-17,21:27:00,-08:00,2025-11-17T21:27:00-08:00,4,44
main.js,235,js,6afefc46,AHayslip23,2025-11-17,21:27:00,-08:00,2025-11-17T21:27:00-08:00,5,16
main.js,236,js,6afefc46,AHayslip23,2025-11-17,21:27:00,-08:00,2025-11-17T21:27:00-08:00,5,17
main.js,237,js,6afefc46,AHayslip23,2025-11-17,21:27:00,-08:00,2025-11-17T21:27:00-08:00,4,14
main.js,238,js,6afefc46,AHayslip23,2025-11-17,21:27:00,-08:00,2025-11-17T21:27:00-08:00,4,1
main.js,239,js,6afefc46,AHayslip23,2025-11-17,21:27:00,-08:00,2025-11-17T21:27:00-08:00,5,73
main.js,240,js,6afefc46,AHayslip23,2025-11-17,21:27:00,-08:00,2025-11-17T21:27:00-08:00,4,2
main.js,241,js,6afefc46,AHayslip23,2025-11-17,21:27:00,-08:00,2025-11-17T21:27:00-08:00,4,1
main.js,242,js,6afefc46,AHayslip23,2025-11-17,21:27:00,-08:00,2025-11-17T21:27:00-08:00,5,50
main.js,243,js,6afefc46,AHayslip23,2025-11-17,21:27:00,-08:00,2025-11-17T21:27:00-08:00,5,37
main.js,244,js,6afefc46,AHayslip23,2025-11-17,21:27:00,-08:00,2025-11-17T21:27:00-08:00,4,2
main.js,245,js,6afefc46,AHayslip23,2025-11-17,21:27:00,-08:00,2025-11-17T21:27:00-08:00,3,0
main.js,246,js,6afefc46,AHayslip23,2025-11-17,21:27:00,-08:00,2025-11-17T21:27:00-08:00,2,1
main.js,247,js,6afefc46,AHayslip23,2025-11-17,21:27:00,-08:00,2025-11-17T21:27:00-08:00,0,0
main.js,248,js,6afefc46,AHayslip23,2025-11-17,21:27:00,-08:00,2025-11-17T21:27:00-08:00,0,0
main.js,249,js,6afefc46,AHayslip23,2025-11-17,21:27:00,-08:00,2025-11-17T21:27:00-08:00,0,30
main.js,250,js,6afefc46,AHayslip23,2025-11-17,21:27:00,-08:00,2025-11-17T21:27:00-08:00,1,30
main.js,251,js,6afefc46,AHayslip23,2025-11-17,21:27:00,-08:00,2025-11-17T21:27:00-08:00,2,39
main.js,252,js,6afefc46,AHayslip23,2025-11-17,21:27:00,-08:00,2025-11-17T21:27:00-08:00,2,27
main.js,253,js,6afefc46,AHayslip23,2025-11-17,21:27:00,-08:00,2025-11-17T21:27:00-08:00,0,0
main.js,254,js,6afefc46,AHayslip23,2025-11-17,21:27:00,-08:00,2025-11-17T21:27:00-08:00,2,58
main.js,255,js,6afefc46,AHayslip23,2025-11-17,21:27:00,-08:00,2025-11-17T21:27:00-08:00,0,0
main.js,256,js,6afefc46,AHayslip23,2025-11-17,21:27:00,-08:00,2025-11-17T21:27:00-08:00,2,39
main.js,257,js,6afefc46,AHayslip23,2025-11-17,21:27:00,-08:00,2025-11-17T21:27:00-08:00,2,38
main.js,258,js,6afefc46,AHayslip23,2025-11-17,21:27:00,-08:00,2025-11-17T21:27:00-08:00,2,33
main.js,259,js,6afefc46,AHayslip23,2025-11-17,21:27:00,-08:00,2025-11-17T21:27:00-08:00,0,0
main.js,260,js,6afefc46,AHayslip23,2025-11-17,21:27:00,-08:00,2025-11-17T21:27:00-08:00,2,50
main.js,261,js,6afefc46,AHayslip23,2025-11-17,21:27:00,-08:00,2025-11-17T21:27:00-08:00,3,28
main.js,262,js,6afefc46,AHayslip23,2025-11-17,21:27:00,-08:00,2025-11-17T21:27:00-08:00,4,16
main.js,263,js,6afefc46,AHayslip23,2025-11-17,21:27:00,-08:00,2025-11-17T21:27:00-08:00,4,17
main.js,264,js,6afefc46,AHayslip23,2025-11-17,21:27:00,-08:00,2025-11-17T21:27:00-08:00,3,1
main.js,265,js,6afefc46,AHayslip23,2025-11-17,21:27:00,-08:00,2025-11-17T21:27:00-08:00,1,0
main.js,266,js,6afefc46,AHayslip23,2025-11-17,21:27:00,-08:00,2025-11-17T21:27:00-08:00,0,0
main.js,267,js,6afefc46,AHayslip23,2025-11-17,21:27:00,-08:00,2025-11-17T21:27:00-08:00,1,27
main.js,268,js,6afefc46,AHayslip23,2025-11-17,21:27:00,-08:00,2025-11-17T21:27:00-08:00,1,6
main.js,269,js,6afefc46,AHayslip23,2025-11-17,21:27:00,-08:00,2025-11-17T21:27:00-08:00,2,6
main.js,270,js,6afefc46,AHayslip23,2025-11-17,21:27:00,-08:00,2025-11-17T21:27:00-08:00,3,22
main.js,271,js,6afefc46,AHayslip23,2025-11-17,21:27:00,-08:00,2025-11-17T21:27:00-08:00,3,27
main.js,272,js,6afefc46,AHayslip23,2025-11-17,21:27:00,-08:00,2025-11-17T21:27:00-08:00,3,10
main.js,273,js,6afefc46,AHayslip23,2025-11-17,21:27:00,-08:00,2025-11-17T21:27:00-08:00,2,0
main.js,274,js,6afefc46,AHayslip23,2025-11-17,21:27:00,-08:00,2025-11-17T21:27:00-08:00,2,24
main.js,275,js,6afefc46,AHayslip23,2025-11-17,21:27:00,-08:00,2025-11-17T21:27:00-08:00,0,0
main.js,276,js,6afefc46,AHayslip23,2025-11-17,21:27:00,-08:00,2025-11-17T21:27:00-08:00,0,0
main.js,277,js,ce3f7d7d,AHayslip23,2025-11-17,21:06:46,-08:00,2025-11-17T21:06:46-08:00,0,17
main.js,278,js,59084981,AHayslip23,2025-11-17,19:57:20,-08:00,2025-11-17T19:57:20-08:00,0,60
main.js,279,js,ce3f7d7d,AHayslip23,2025-11-17,21:06:46,-08:00,2025-11-17T21:06:46-08:00,0,56
main.js,280,js,59084981,AHayslip23,2025-11-17,19:57:20,-08:00,2025-11-17T19:57:20-08:00,0,0
main.js,281,js,59084981,AHayslip23,2025-11-17,19:57:20,-08:00,2025-11-17T19:57:20-08:00,0,29
main.js,282,js,59084981,AHayslip23,2025-11-17,19:57:20,-08:00,2025-11-17T19:57:20-08:00,1,33
main.js,283,js,59084981,AHayslip23,2025-11-17,19:57:20,-08:00,2025-11-17T19:57:20-08:00,1,47
main.js,284,js,59084981,AHayslip23,2025-11-17,19:57:20,-08:00,2025-11-17T19:57:20-08:00,0,0
main.js,285,js,6afefc46,AHayslip23,2025-11-17,21:27:00,-08:00,2025-11-17T21:27:00-08:00,1,62
main.js,286,js,6afefc46,AHayslip23,2025-11-17,21:27:00,-08:00,2025-11-17T21:27:00-08:00,2,16
main.js,287,js,6afefc46,AHayslip23,2025-11-17,21:27:00,-08:00,2025-11-17T21:27:00-08:00,2,17
main.js,288,js,6afefc46,AHayslip23,2025-11-17,21:27:00,-08:00,2025-11-17T21:27:00-08:00,1,1
main.js,289,js,59084981,AHayslip23,2025-11-17,19:57:20,-08:00,2025-11-17T19:57:20-08:00,0,0
main.js,290,js,6afefc46,AHayslip23,2025-11-17,21:27:00,-08:00,2025-11-17T21:27:00-08:00,1,67
main.js,291,js,59084981,AHayslip23,2025-11-17,19:57:20,-08:00,2025-11-17T19:57:20-08:00,0,0
main.js,292,js,59084981,AHayslip23,2025-11-17,19:57:20,-08:00,2025-11-17T19:57:20-08:00,1,39
main.js,293,js,59084981,AHayslip23,2025-11-17,19:57:20,-08:00,2025-11-17T19:57:20-08:00,1,38
main.js,294,js,0e543529,AHayslip23,2025-11-17,20:47:15,-08:00,2025-11-17T20:47:15-08:00,1,33
main.js,295,js,6b397371,AHayslip23,2025-11-02,10:25:09,-08:00,2025-11-02T10:25:09-08:00,0,0
main.js,296,js,e12566ac,AHayslip23,2025-11-03,19:58:26,-08:00,2025-11-03T19:58:26-08:00,0,0
main.js,297,js,6afefc46,AHayslip23,2025-11-17,21:27:00,-08:00,2025-11-17T21:27:00-08:00,0,20
main.js,298,js,59084981,AHayslip23,2025-11-17,19:57:20,-08:00,2025-11-17T19:57:20-08:00,0,25
main.js,299,js,59084981,AHayslip23,2025-11-17,19:57:20,-08:00,2025-11-17T19:57:20-08:00,1,10
main.js,300,js,59084981,AHayslip23,2025-11-17,19:57:20,-08:00,2025-11-17T19:57:20-08:00,1,29
main.js,301,js,59084981,AHayslip23,2025-11-17,19:57:20,-08:00,2025-11-17T19:57:20-08:00,1,24
main.js,302,js,59084981,AHayslip23,2025-11-17,19:57:20,-08:00,2025-11-17T19:57:20-08:00,0,0
main.js,303,js,6afefc46,AHayslip23,2025-11-17,21:27:00,-08:00,2025-11-17T21:27:00-08:00,1,12
main.js,304,js,6afefc46,AHayslip23,2025-11-17,21:27:00,-08:00,2025-11-17T21:27:00-08:00,2,10
main.js,305,js,6afefc46,AHayslip23,2025-11-17,21:27:00,-08:00,2025-11-17T21:27:00-08:00,2,44
main.js,306,js,59084981,AHayslip23,2025-11-17,19:57:20,-08:00,2025-11-17T19:57:20-08:00,2,15
main.js,307,js,59084981,AHayslip23,2025-11-17,19:57:20,-08:00,2025-11-17T19:57:20-08:00,0,0
main.js,308,js,59084981,AHayslip23,2025-11-17,19:57:20,-08:00,2025-11-17T19:57:20-08:00,1,47
main.js,309,js,e7ed7b90,AHayslip23,2025-11-17,19:49:59,-08:00,2025-11-17T19:49:59-08:00,0,0
main.js,310,js,e12566ac,AHayslip23,2025-11-03,19:58:26,-08:00,2025-11-03T19:58:26-08:00,1,30
main.js,311,js,e12566ac,AHayslip23,2025-11-03,19:58:26,-08:00,2025-11-03T19:58:26-08:00,1,31
main.js,312,js,bdc54f5f,AHayslip23,2025-11-17,20:18:18,-08:00,2025-11-17T20:18:18-08:00,1,25
main.js,313,js,59084981,AHayslip23,2025-11-17,19:57:20,-08:00,2025-11-17T19:57:20-08:00,0,0
main.js,314,js,6afefc46,AHayslip23,2025-11-17,21:27:00,-08:00,2025-11-17T21:27:00-08:00,1,38
main.js,315,js,6afefc46,AHayslip23,2025-11-17,21:27:00,-08:00,2025-11-17T21:27:00-08:00,1,38
main.js,316,js,6afefc46,AHayslip23,2025-11-17,21:27:00,-08:00,2025-11-17T21:27:00-08:00,0,0
main.js,317,js,59084981,AHayslip23,2025-11-17,19:57:20,-08:00,2025-11-17T19:57:20-08:00,1,55
main.js,318,js,59084981,AHayslip23,2025-11-17,19:57:20,-08:00,2025-11-17T19:57:20-08:00,1,19
main.js,319,js,e12566ac,AHayslip23,2025-11-03,19:58:26,-08:00,2025-11-03T19:58:26-08:00,0,1
main.js,320,js,e12566ac,AHayslip23,2025-11-03,19:58:26,-08:00,2025-11-03T19:58:26-08:00,0,0
main.js,321,js,11da6aed,AHayslip23,2025-11-03,20:12:26,-08:00,2025-11-03T20:12:26-08:00,0,0
main.js,322,js,11da6aed,AHayslip23,2025-11-03,20:12:26,-08:00,2025-11-03T20:12:26-08:00,0,0
main.js,323,js,70891b0c,AHayslip23,2025-11-03,20:21:08,-08:00,2025-11-03T20:21:08-08:00,0,0
main.js,324,js,e7ed7b90,AHayslip23,2025-11-17,19:49:59,-08:00,2025-11-17T19:49:59-08:00,0,0
main.js,325,js,59084981,AHayslip23,2025-11-17,19:57:20,-08:00,2025-11-17T19:57:20-08:00,0,0
main.js,326,js,0e543529,AHayslip23,2025-11-17,20:47:15,-08:00,2025-11-17T20:47:15-08:00,0,0
main.js,327,js,60ab0bde,AHayslip23,2025-11-17,20:54:14,-08:00,2025-11-17T20:54:14-08:00,0,0
main.js,328,js,4e26674d,AHayslip23,2025-11-17,21:00:51,-08:00,2025-11-17T21:00:51-08:00,0,0
main.js,329,js,ce3f7d7d,AHayslip23,2025-11-17,21:06:46,-08:00,2025-11-17T21:06:46-08:00,0,0
main.js,330,js,6afefc46,AHayslip23,2025-11-17,21:27:00,-08:00,2025-11-17T21:27:00-08:00,0,0
index.html,1,html,6afefc46,AHayslip23,2025-11-17,21:27:00,-08:00,2025-11-17T21:27:00-08:00,0,27
index.html,2,html,6afefc46,AHayslip23,2025-11-17,21:27:00,-08:00,2025-11-17T21:27:00-08:00,0,0
index.html,3,html,6afefc46,AHayslip23,2025-11-17,21:27:00,-08:00,2025-11-17T21:27:00-08:00,0,13
index.html,4,html,6afefc46,AHayslip23,2025-11-17,21:27:00,-08:00,2025-11-17T21:27:00-08:00,0,20
index.html,5,html,6afefc46,AHayslip23,2025-11-17,21:27:00,-08:00,2025-11-17T21:27:00-08:00,1,5
index.html,6,html,6afefc46,AHayslip23,2025-11-17,21:27:00,-08:00,2025-11-17T21:27:00-08:00,2,17
index.html,7,html,6afefc46,AHayslip23,2025-11-17,21:27:00,-08:00,2025-11-17T21:27:00-08:00,2,71
index.html,8,html,6afefc46,AHayslip23,2025-11-17,21:27:00,-08:00,2025-11-17T21:27:00-08:00,1,6
index.html,9,html,6afefc46,AHayslip23,2025-11-17,21:27:00,-08:00,2025-11-17T21:27:00-08:00,1,28
index.html,10,html,6afefc46,AHayslip23,2025-11-17,21:27:00,-08:00,2025-11-17T21:27:00-08:00,0,4
index.html,11,html,6afefc46,AHayslip23,2025-11-17,21:27:00,-08:00,2025-11-17T21:27:00-08:00,0,0
index.html,12,html,6afefc46,AHayslip23,2025-11-17,21:27:00,-08:00,2025-11-17T21:27:00-08:00,0,22
index.html,13,html,6afefc46,AHayslip23,2025-11-17,21:27:00,-08:00,2025-11-17T21:27:00-08:00,0,18
index.html,14,html,6afefc46,AHayslip23,2025-11-17,21:27:00,-08:00,2025-11-17T21:27:00-08:00,1,28
index.html,15,html,6afefc46,AHayslip23,2025-11-17,21:27:00,-08:00,2025-11-17T21:27:00-08:00,0,0
index.html,16,html,6afefc46,AHayslip23,2025-11-17,21:27:00,-08:00,2025-11-17T21:27:00-08:00,1,21
index.html,17,html,6afefc46,AHayslip23,2025-11-17,21:27:00,-08:00,2025-11-17T21:27:00-08:00,2,28
index.html,18,html,6afefc46,AHayslip23,2025-11-17,21:27:00,-08:00,2025-11-17T21:27:00-08:00,1,4
index.html,19,html,6afefc46,AHayslip23,2025-11-17,21:27:00,-08:00,2025-11-17T21:27:00-08:00,0,4
index.html,20,html,6afefc46,AHayslip23,2025-11-17,21:27:00,-08:00,2025-11-17T21:27:00-08:00,0,0
index.html,21,html,6afefc46,AHayslip23,2025-11-17,21:27:00,-08:00,2025-11-17T21:27:00-08:00,0,21
index.html,22,html,6afefc46,AHayslip23,2025-11-17,21:27:00,-08:00,2025-11-17T21:27:00-08:00,0,28
index.html,23,html,6afefc46,AHayslip23,2025-11-17,21:27:00,-08:00,2025-11-17T21:27:00-08:00,0,0
index.html,24,html,6afefc46,AHayslip23,2025-11-17,21:27:00,-08:00,2025-11-17T21:27:00-08:00,0,46
index.html,25,html,6afefc46,AHayslip23,2025-11-17,21:27:00,-08:00,2025-11-17T21:27:00-08:00,0,18
index.html,26,html,6afefc46,AHayslip23,2025-11-17,21:27:00,-08:00,2025-11-17T21:27:00-08:00,0,0
index.html,27,html,6afefc46,AHayslip23,2025-11-17,21:27:00,-08:00,2025-11-17T21:27:00-08:00,0,14
index.html,28,html,6afefc46,AHayslip23,2025-11-17,21:27:00,-08:00,2025-11-17T21:27:00-08:00,0,30
index.html,29,html,6afefc46,AHayslip23,2025-11-17,21:27:00,-08:00,2025-11-17T21:27:00-08:00,1,60
index.html,30,html,6afefc46,AHayslip23,2025-11-17,21:27:00,-08:00,2025-11-17T21:27:00-08:00,1,58
index.html,31,html,6afefc46,AHayslip23,2025-11-17,21:27:00,-08:00,2025-11-17T21:27:00-08:00,1,66
index.html,32,html,6afefc46,AHayslip23,2025-11-17,21:27:00,-08:00,2025-11-17T21:27:00-08:00,1,62
index.html,33,html,6afefc46,AHayslip23,2025-11-17,21:27:00,-08:00,2025-11-17T21:27:00-08:00,1,60
index.html,34,html,6afefc46,AHayslip23,2025-11-17,21:27:00,-08:00,2025-11-17T21:27:00-08:00,0,4
index.html,35,html,6afefc46,AHayslip23,2025-11-17,21:27:00,-08:00,2025-11-17T21:27:00-08:00,0,0
index.html,36,html,6afefc46,AHayslip23,2025-11-17,21:27:00,-08:00,2025-11-17T21:27:00-08:00,0,43
index.html,37,html,6afefc46,AHayslip23,2025-11-17,21:27:00,-08:00,2025-11-17T21:27:00-08:00,0,0
index.html,38,html,60ab0bde,AHayslip23,2025-11-17,20:54:14,-08:00,2025-11-17T20:54:14-08:00,0,0
